,Model,MeanCvAccuracy,MeanCvROCAUC,MeanCvRecallScore,MeanCvPrecisionScore,MeanCvF1Score
0,LogisticRegression,0.5852287581699346,0.5933641975308642,0.575,0.6142092352092352,0.58028099660917
0,GaussianNB,0.5669281045751634,0.6152932098765431,0.3994444444444444,0.6357164502164503,0.4784633471104059
0,KNeighborsClassifier,0.5060130718954248,0.5404629629629629,0.5011111111111111,0.5170526695526696,0.4982789146585755
0,DecisionTreeClassifier,0.5892156862745098,0.58875,0.5705555555555555,0.6044808524808524,0.5741744902843974
0,RandomForestClassifier,0.716797385620915,0.7633487654320986,0.7225,0.739537629037629,0.7221542715969959
0,GradientBoostingClassifier,0.6477777777777777,0.7183950617283951,0.6019444444444444,0.7027438672438673,0.6405551777084284
0,XGBClassifier,0.6423529411764706,0.6883333333333335,0.6355555555555555,0.6587465867465867,0.6385263120092841
0,LGBMClassifier,0.5991503267973856,0.6443518518518517,0.6313888888888889,0.6082414252414252,0.6109983447924625
0,SVC,0.5713071895424836,0.5864814814814814,0.6672222222222223,0.5751738261738262,0.6104759894388377
