,Model,MeanCvAccuracy,MeanCvROCAUC,MeanCvRecallScore,MeanCvPrecisionScore,MeanCvF1Score
0,LogisticRegression,0.516078431372549,0.5319444444444446,0.5155555555555555,0.521358225108225,0.5059368594254042
0,GaussianNB,0.48934640522875816,0.4880555555555556,0.3572222222222222,0.5048852813852814,0.4079814317089858
0,KNeighborsClassifier,0.44895424836601305,0.4435648148148148,0.46638888888888885,0.4568050838050837,0.455193011494869
0,DecisionTreeClassifier,0.5475816993464052,0.5468055555555555,0.5513888888888888,0.562961371961372,0.5427420409192518
0,RandomForestClassifier,0.5433333333333333,0.5644444444444444,0.5513888888888888,0.5590694305694306,0.5429913933675544
0,GradientBoostingClassifier,0.5458169934640523,0.5542592592592592,0.5341666666666667,0.5798655788655789,0.5377917462654305
0,XGBClassifier,0.5210457516339868,0.5102777777777777,0.49916666666666665,0.5369968919968919,0.5066009521953795
0,LGBMClassifier,0.468235294117647,0.4454938271604938,0.4430555555555556,0.47659029859029856,0.4508313734768843
0,SVC,0.5361437908496732,0.5946604938271605,0.3125,0.606551948051948,0.38732352425696076
